Original Operator,NNG Operator,Target,Staging Usage,Peak% (Staging),Op Cycles,Network% (cycles),NPU,SRAM AC,DRAM AC,OnFlash AC,OffFlash AC,MAC Count,Network% (MAC),Util% (MAC),Name
Conv2D,Conv2D,NPU,352064,57.50875542313523,76747,1.3478758578006513,76747,36471,51953,0,0,5419008,0.92286432412405,27.581534131627294,tosa_table_default
Table,LUT,NPU,0,0.0,0,0.0,0,0,0,0,0,0,0.0,100,tosa_table_default
Conv2D,Conv2D,NPU,306304,50.03397626888297,76100,1.3365128640680362,76100,19012,38281,0,0,14450688,2.4609715309974667,74.17608409986859,tosa_table_default_1
Table,LUT,NPU,0,0.0,0,0.0,0,0,0,0,0,0,0.0,100,tosa_table_default_1
Conv2D,Conv2D,NPU,202528,33.082431655428366,51040,0.8963944360319653,51040,19600,38281,0,0,3211264,0.5468825624438814,24.57680250783699,tosa_table_default_2
Table,LUT,NPU,0,0.0,0,0.0,0,0,0,0,0,0,0.0,100,tosa_table_default_2
Conv2D,Conv2D,NPU,153056,25.00130677957242,38381,0.6740696483021721,38381,6440,10937,0,0,7225344,1.2304857654987333,73.53638519058909,tosa_table_default_3
Table,LUT,NPU,0,0.0,0,0.0,0,0,0,0,0,0,0.0,100,tosa_table_default_3
Conv2D,Conv2D,NPU,303616,49.59489833254926,38884,0.6829036295193366,38884,6468,10937,0,0,7225344,1.2304857654987333,72.58512498714124,tosa_table_default_4
Table,LUT,NPU,0,0.0,0,0.0,0,0,0,0,0,0,0.0,100,tosa_table_default_4
Add,Add,NPU,0,0.0,0,0.0,0,0,0,0,0,0,0.0,100,tosa_concat_default
Concat,MemoryCopy,NPU,250880,40.98060739114526,25612,0.449812976011965,25612,4144,0,0,0,50176,0.008545040038185648,0.7652662814305794,tosa_concat_default
Concat,MemoryCopy,NPU,250880,40.98060739114526,25612,0.449812976011965,25612,4144,0,0,0,50176,0.008545040038185648,0.7652662814305794,tosa_concat_default
Conv2D,Conv2D,NPU,252960,41.32037007997491,38281,0.6723133896108868,25696,10535,38281,0,0,4816896,0.8203238436658222,49.15232099474935,tosa_table_default_5
Table,LUT,NPU,0,0.0,0,0.0,0,0,0,0,0,0,0.0,100,tosa_table_default_5
Conv2D,Conv2D,NPU,170112,27.787360827975537,76474,1.3430812715734426,76474,18928,21874,0,0,14450688,2.4609715309974667,73.81332217485681,tosa_table_default_6
Table,LUT,NPU,0,0.0,0,0.0,0,0,0,0,0,0,0.0,100,tosa_table_default_6
Conv2D,Conv2D,NPU,105024,17.15540222675239,21874,0.38416402613172435,13392,11172,21874,0,0,3211264,0.5468825624438814,57.34662155984274,tosa_table_default_7
Table,LUT,NPU,0,0.0,0,0.0,0,0,0,0,0,0,0.0,100,tosa_table_default_7
Conv2D,Conv2D,NPU,85136,13.906748209711985,38942,0.683922259560282,38942,14700,5468,0,0,7225344,1.2304857654987333,72.47701710235735,tosa_table_default_8
Table,LUT,NPU,0,0.0,0,0.0,0,0,0,0,0,0,0.0,100,tosa_table_default_8
Conv2D,Conv2D,NPU,110496,18.049239454288852,38739,0.680357054416973,38739,7637,5468,0,0,7225344,1.2304857654987333,72.85681096569348,tosa_table_default_9
Table,LUT,NPU,0,0.0,0,0.0,0,0,0,0,0,0,0.0,100,tosa_table_default_9
Add,Add,NPU,0,0.0,0,0.0,0,0,0,0,0,0,0.0,100,tosa_rescale_default_21
Conv2D,Conv2D,NPU,110496,18.049239454288852,38627,0.6783900446827337,38627,5285,5468,0,0,7225344,1.2304857654987333,73.06806120071452,tosa_table_default_10
Table,LUT,NPU,0,0.0,0,0.0,0,0,0,0,0,0,0.0,100,tosa_table_default_10
Conv2D,Conv2D,NPU,210672,34.41273326015368,38739,0.680357054416973,38739,5246,5468,0,0,7225344,1.2304857654987333,72.85681096569348,tosa_table_default_11
Table,LUT,NPU,0,0.0,0,0.0,0,0,0,0,0,0,0.0,100,tosa_table_default_11
Add,Add,NPU,0,0.0,0,0.0,0,0,0,0,0,0,0.0,100,tosa_concat_default_1
Concat,MemoryCopy,NPU,175616,28.686425173801684,13148,0.2309128927301779,13148,1864,0,0,0,25088,0.004272520019092824,0.7453605111043504,tosa_concat_default_1
Concat,MemoryCopy,NPU,150528,24.588364434687158,13310,0.2337580318100599,13310,6750,0,0,0,25088,0.004272520019092824,0.7362885048835462,tosa_concat_default_1
Concat,MemoryCopy,NPU,150528,24.588364434687158,13310,0.2337580318100599,13310,6750,0,0,0,25088,0.004272520019092824,0.7362885048835462,tosa_concat_default_1
Conv2D,Conv2D,NPU,158864,25.950028749150594,25768,0.45255273957036996,25768,11207,21874,0,0,6422528,1.093765124887763,97.36106799130705,tosa_table_default_12
Table,LUT,NPU,0,0.0,0,0.0,0,0,0,0,0,0,0.0,100,tosa_table_default_12
Conv2D,Conv2D,NPU,151376,24.72688306936386,77242,1.356569338322513,77242,20760,12499,0,0,14450688,2.4609715309974667,73.07941275471893,tosa_table_default_13
Table,LUT,NPU,0,0.0,0,0.0,0,0,0,0,0,0,0.0,100,tosa_table_default_13
Conv2D,Conv2D,NPU,117152,19.136480058543725,21874,0.38416402613172435,13336,8099,21874,0,0,3211264,0.5468825624438814,57.34662155984274,tosa_table_default_14
Table,LUT,NPU,0,0.0,0,0.0,0,0,0,0,0,0,0.0,100,tosa_table_default_14
Conv2D,Conv2D,NPU,126544,20.670639276566828,39544,0.6944949368818188,39544,14000,7043,0,0,7225344,1.2304857654987333,71.37365972081732,tosa_table_default_15
Table,LUT,NPU,0,0.0,0,0.0,0,0,0,0,0,0,0.0,100,tosa_table_default_15
Conv2D,Conv2D,NPU,139360,22.76410015158643,39393,0.6918429862579782,39393,6206,3124,0,0,7225344,1.2304857654987333,71.64724697281243,tosa_table_default_16
Table,LUT,NPU,0,0.0,0,0.0,0,0,0,0,0,0,0.0,100,tosa_table_default_16
Add,Add,NPU,0,0.0,0,0.0,0,0,0,0,0,0,0.0,100,tosa_rescale_default_34
Conv2D,Conv2D,NPU,139408,22.77194082902096,39281,0.6898759765237388,39281,5033,3124,0,0,7225344,1.2304857654987333,71.85153127466205,tosa_table_default_17
Table,LUT,NPU,0,0.0,0,0.0,0,0,0,0,0,0,0.0,100,tosa_table_default_17
Conv2D,Conv2D,NPU,189216,30.907950446918615,39393,0.6918429862579782,39393,5010,3124,0,0,7225344,1.2304857654987333,71.64724697281243,tosa_table_default_18
Table,LUT,NPU,0,0.0,0,0.0,0,0,0,0,0,0,0.0,100,tosa_table_default_18
Add,Add,NPU,0,0.0,0,0.0,0,0,0,0,0,0,0.0,100,tosa_concat_default_2
Concat,MemoryCopy,NPU,137984,22.539334065129893,6876,0.12076034761277026,6876,1040,0,0,0,12544,0.002136260009546412,0.7126236183827807,tosa_concat_default_2
Concat,MemoryCopy,NPU,125440,20.49030369557263,6930,0.12170872730606426,6930,2025,0,0,0,12544,0.002136260009546412,0.7070707070707071,tosa_concat_default_2
Concat,MemoryCopy,NPU,125440,20.49030369557263,6930,0.12170872730606426,6930,2025,0,0,0,12544,0.002136260009546412,0.7070707070707071,tosa_concat_default_2
Conv2D,Conv2D,NPU,156752,25.605038942031257,25824,0.45353624443748963,25824,10939,21874,0,0,6422528,1.093765124887763,97.14993804213135,tosa_table_default_19
Table,LUT,NPU,0,0.0,0,0.0,0,0,0,0,0,0,0.0,100,tosa_table_default_19
Conv2D,Conv2D,NPU,87808,14.343212586900842,89624,1.5740292894774464,89083,9800,89624,0,0,14450688,2.4609715309974667,62.98312951887887,tosa_table_default_20
Table,LUT,NPU,0,0.0,0,0.0,0,0,0,0,0,0,0.0,100,tosa_table_default_20
Conv2D,Conv2D,NPU,100352,16.392242956458105,18413,0.3233799128263436,15322,4900,18413,0,0,3211264,0.5468825624438814,68.12578069841959,tosa_table_default_21
Table,LUT,NPU,0,0.0,0,0.0,0,0,0,0,0,0,0.0,100,tosa_table_default_21
Conv2D,Conv2D,NPU,94080,15.367727771679473,46075,0.8091961920096552,46075,4900,45893,0,0,7225344,1.2304857654987333,61.25664677156809,tosa_table_default_22
Table,LUT,NPU,0,0.0,0,0.0,0,0,0,0,0,0,0.0,100,tosa_table_default_22
Conv2D,Conv2D,NPU,112896,18.441273326015367,46035,0.8084936885331411,46035,1568,44794,0,0,7225344,1.2304857654987333,61.30987292277615,tosa_table_default_23
Table,LUT,NPU,0,0.0,0,0.0,0,0,0,0,0,0,0.0,100,tosa_table_default_23
Add,Add,NPU,0,0.0,0,0.0,0,0,0,0,0,0,0.0,100,tosa_concat_default_3
Concat,MemoryCopy,NPU,106624,17.416758141236738,4288,0.0753083726823093,4288,452,0,0,0,6272,0.001068130004773206,0.5713619402985075,tosa_concat_default_3
Concat,MemoryCopy,NPU,106624,17.416758141236738,4288,0.0753083726823093,4288,452,0,0,0,6272,0.001068130004773206,0.5713619402985075,tosa_concat_default_3
Conv2D,Conv2D,NPU,106624,17.416758141236738,26987,0.4739615330171365,22555,7350,26987,0,0,4816896,0.8203238436658222,69.72245896172231,tosa_table_default_24
Table,LUT,NPU,0,0.0,0,0.0,0,0,0,0,0,0,0.0,100,tosa_table_default_24
Conv2D,Conv2D,NPU,94080,15.367727771679473,9184,0.16129479820763262,8004,2450,9184,0,0,1605632,0.2734412812219407,68.29268292682927,tosa_rescale_default_49
MaxPool,MaxPool,NPU,87808,14.343212586900842,25656,0.45058572983613054,25656,392,0,0,0,156800,0.026703250119330148,2.3873557842220143,tosa_max_pool2d_default
MaxPool,MaxPool,NPU,94080,15.367727771679473,25656,0.45058572983613054,25656,392,0,0,0,156800,0.026703250119330148,2.3873557842220143,tosa_max_pool2d_default_1
MaxPool,MaxPool,NPU,119168,19.465788510794,25656,0.45058572983613054,25656,392,0,0,0,156800,0.026703250119330148,2.3873557842220143,tosa_concat_default_4
Concat,MemoryCopy,NPU,119168,19.465788510794,4288,0.0753083726823093,4288,452,0,0,0,6272,0.001068130004773206,0.5713619402985075,tosa_concat_default_4
Concat,MemoryCopy,NPU,112896,18.441273326015367,4288,0.0753083726823093,4288,452,0,0,0,6272,0.001068130004773206,0.5713619402985075,tosa_concat_default_4
Concat,MemoryCopy,NPU,106624,17.416758141236738,4288,0.0753083726823093,4288,452,0,0,0,6272,0.001068130004773206,0.5713619402985075,tosa_concat_default_4
Conv2D,Conv2D,NPU,112896,18.441273326015367,35825,0.6291796761529224,29947,9800,35825,0,0,6422528,1.093765124887763,70.02930914166085,tosa_table_default_25
Table,LUT,NPU,0,0.0,0,0.0,0,0,0,0,0,0,0.0,100,tosa_table_default_25
Resize,Resize,NPU,163072,26.63739480424442,2450,0.04302833793648737,0,2450,0,0,0,0,0.0,0.0,tosa_concat_default_5
Concat,MemoryCopy,NPU,163072,26.63739480424442,13148,0.2309128927301779,13148,2080,0,0,0,25088,0.004272520019092824,0.7453605111043504,tosa_concat_default_5
Conv2D,Conv2D,NPU,208320,34.02854006586169,38802,0.6814634973924827,38802,17782,21874,0,0,9633792,1.6406476873316445,96.98469151074687,tosa_table_default_26
Table,LUT,NPU,0,0.0,0,0.0,0,0,0,0,0,0,0.0,100,tosa_table_default_26
Conv2D,Conv2D,NPU,138256,22.583764570592233,39544,0.6944949368818188,39544,14000,6862,0,0,7225344,1.2304857654987333,71.37365972081732,tosa_table_default_27
Table,LUT,NPU,0,0.0,0,0.0,0,0,0,0,0,0,0.0,100,tosa_table_default_27
Conv2D,Conv2D,NPU,176080,28.762218389002143,39281,0.6898759765237388,39281,5757,3124,0,0,7225344,1.2304857654987333,71.85153127466205,tosa_concat_default_6
Table,LUT,NPU,0,0.0,0,0.0,0,0,0,0,0,0,0.0,100,tosa_concat_default_6
Concat,MemoryCopy,NPU,125440,20.49030369557263,6930,0.12170872730606426,6930,2025,0,0,0,12544,0.002136260009546412,0.7070707070707071,tosa_concat_default_6
Concat,MemoryCopy,NPU,125440,20.49030369557263,6930,0.12170872730606426,6930,2025,0,0,0,12544,0.002136260009546412,0.7070707070707071,tosa_concat_default_6
Conv2D,Conv2D,NPU,149440,24.410642412837802,21874,0.38416402613172435,19440,8348,21874,0,0,4816896,0.8203238436658222,86.0199323397641,tosa_table_default_29
Table,LUT,NPU,0,0.0,0,0.0,0,0,0,0,0,0,0.0,100,tosa_table_default_29
Resize,Resize,NPU,238336,38.931577021588,4900,0.08605667587297473,0,4900,0,0,0,0,0.0,0.0,tosa_concat_default_7
Concat,MemoryCopy,NPU,238336,38.931577021588,25692,0.4512179829649932,25692,3728,0,0,0,50176,0.008545040038185648,0.7628833878250039,tosa_concat_default_7
Conv2D,Conv2D,NPU,250320,40.88913282107574,38508,0.6763000968401043,38508,20643,21874,0,0,9633792,1.6406476873316445,97.7251480211904,tosa_table_default_30
Table,LUT,NPU,0,0.0,0,0.0,0,0,0,0,0,0,0.0,100,tosa_table_default_30
Conv2D,Conv2D,NPU,122720,20.045998640949243,38942,0.683922259560282,38942,14700,5468,0,0,7225344,1.2304857654987333,72.47701710235735,tosa_table_default_31
Table,LUT,NPU,0,0.0,0,0.0,0,0,0,0,0,0,0.0,100,tosa_table_default_31
Conv2D,Conv2D,NPU,197872,32.32188594427892,38627,0.6783900446827337,38627,6758,5468,0,0,7225344,1.2304857654987333,73.06806120071452,tosa_concat_default_8
Table,LUT,NPU,0,0.0,0,0.0,0,0,0,0,0,0,0.0,100,tosa_concat_default_8
Concat,MemoryCopy,NPU,163072,26.63739480424442,13310,0.2337580318100599,13310,6750,0,0,0,25088,0.004272520019092824,0.7362885048835462,tosa_concat_default_8
Concat,MemoryCopy,NPU,163072,26.63739480424442,13310,0.2337580318100599,13310,6750,0,0,0,25088,0.004272520019092824,0.7362885048835462,tosa_concat_default_8
Conv2D,Conv2D,NPU,170416,27.837018451727563,25768,0.45255273957036996,25768,9205,21874,0,0,4816896,0.8203238436658222,73.02080099348028,tosa_table_default_33
Table,LUT,NPU,0,0.0,0,0.0,0,0,0,0,0,0,0.0,100,tosa_table_default_33
Conv2D,Conv2D,NPU,163008,26.626940567665045,39610,0.6956540676180671,39610,10976,6249,0,0,7225344,1.2304857654987333,71.2547336531179,tosa_concat_default_9
Table,LUT,NPU,0,0.0,0,0.0,0,0,0,0,0,0,0.0,100,tosa_concat_default_9
Concat,MemoryCopy,NPU,125440,20.49030369557263,13148,0.2309128927301779,13148,2080,0,0,0,25088,0.004272520019092824,0.7453605111043504,tosa_concat_default_9
Conv2D,Conv2D,NPU,149152,24.36359834823062,21874,0.38416402613172435,19650,10395,21874,0,0,4816896,0.8203238436658222,86.0199323397641,tosa_table_default_35
Table,LUT,NPU,0,0.0,0,0.0,0,0,0,0,0,0,0.0,100,tosa_table_default_35
Conv2D,Conv2D,NPU,137408,22.44524593591553,39544,0.6944949368818188,39544,14000,3124,0,0,7225344,1.2304857654987333,71.37365972081732,tosa_table_default_36
Table,LUT,NPU,0,0.0,0,0.0,0,0,0,0,0,0,0.0,100,tosa_table_default_36
Conv2D,Conv2D,NPU,176592,28.845852281637132,39281,0.6898759765237388,39281,5789,3124,0,0,7225344,1.2304857654987333,71.85153127466205,tosa_concat_default_10
Table,LUT,NPU,0,0.0,0,0.0,0,0,0,0,0,0,0.0,100,tosa_concat_default_10
Concat,MemoryCopy,NPU,125440,20.49030369557263,6930,0.12170872730606426,6930,2025,0,0,0,12544,0.002136260009546412,0.7070707070707071,tosa_concat_default_10
Concat,MemoryCopy,NPU,125440,20.49030369557263,6930,0.12170872730606426,6930,2025,0,0,0,12544,0.002136260009546412,0.7070707070707071,tosa_concat_default_10
Conv2D,Conv2D,NPU,148832,24.31132716533375,21874,0.38416402613172435,19440,8207,21874,0,0,4816896,0.8203238436658222,86.0199323397641,tosa_table_default_38
Table,LUT,NPU,0,0.0,0,0.0,0,0,0,0,0,0,0.0,100,tosa_table_default_38
Conv2D,Conv2D,NPU,106624,17.416758141236738,46075,0.8091961920096552,46075,4900,45507,0,0,7225344,1.2304857654987333,61.25664677156809,tosa_concat_default_11
Table,LUT,NPU,0,0.0,0,0.0,0,0,0,0,0,0,0.0,100,tosa_concat_default_11
Concat,MemoryCopy,NPU,106624,17.416758141236738,7872,0.13825268417797082,7872,904,0,0,0,12544,0.002136260009546412,0.6224593495934959,tosa_concat_default_11
Conv2D,Conv2D,NPU,106624,17.416758141236738,27514,0.4832170163202095,22714,7350,27514,0,0,4816896,0.8203238436658222,68.38700298030093,tosa_table_default_40
Table,LUT,NPU,0,0.0,0,0.0,0,0,0,0,0,0,0.0,100,tosa_table_default_40
Conv2D,Conv2D,NPU,94080,15.367727771679473,46075,0.8091961920096552,46075,4900,45190,0,0,7225344,1.2304857654987333,61.25664677156809,tosa_table_default_41
Table,LUT,NPU,0,0.0,0,0.0,0,0,0,0,0,0,0.0,100,tosa_table_default_41
Conv2D,Conv2D,NPU,112896,18.441273326015367,45995,0.8077911850566271,45995,1372,44350,0,0,7225344,1.2304857654987333,61.36319165126644,tosa_concat_default_12
Table,LUT,NPU,0,0.0,0,0.0,0,0,0,0,0,0,0.0,100,tosa_concat_default_12
Concat,MemoryCopy,NPU,106624,17.416758141236738,4288,0.0753083726823093,4288,452,0,0,0,6272,0.001068130004773206,0.5713619402985075,tosa_concat_default_12
Concat,MemoryCopy,NPU,106624,17.416758141236738,4288,0.0753083726823093,4288,452,0,0,0,6272,0.001068130004773206,0.5713619402985075,tosa_concat_default_12
Conv2D,Conv2D,NPU,106624,17.416758141236738,26333,0.46247560117613135,22555,7350,26333,0,0,4816896,0.8203238436658222,71.45406903884859,tosa_table_default_43
Table,LUT,NPU,0,0.0,0,0.0,0,0,0,0,0,0,0.0,100,tosa_table_default_43
Conv2D,Conv2D,NPU,90944,14.855470179290156,48683,0.8549994186783731,48683,1225,44121,0,0,7112448,1.2112594254128155,57.0692028017994,tosa_table_default_60
Table,LUT,NPU,0,0.0,0,0.0,0,0,0,0,0,0,0.0,100,tosa_table_default_60
Conv2D,Conv2D,NPU,94080,15.367727771679473,12395,0.21768826478480036,12395,306,11235,0,0,1750329,0.2980833742226851,55.16113478217023,tosa_table_default_61
Table,LUT,NPU,0,0.0,0,0.0,0,0,0,0,0,0,0.0,100,tosa_table_default_61
Conv2D,Conv2D,NPU,98624,16.109978568815013,14062,0.2469650971685246,1170,2379,14062,0,0,194481,0.03312037491363168,5.402442086829754,tosa_transpose_default_5
Transpose,Transpose,NPU,0,0.0,0,0.0,0,0,0,0,0,0,0.0,100,tosa_transpose_default_5
Concat,MemoryCopy,NPU,155728,25.43777115676128,2952,0.05184475656673906,2952,753,0,0,0,3087,0.0005257202367243123,0.4084889481707317,tosa_concat_default_15
Conv2D,Conv2D,NPU,165184,26.982384611363756,78257,1.3743953640390578,78257,7000,45888,0,0,14224896,2.422518850825631,71.0045107785885,tosa_table_default_58
Table,LUT,NPU,0,0.0,0,0.0,0,0,0,0,0,0,0.0,100,tosa_table_default_58
Conv2D,Conv2D,NPU,214192,34.987716272019235,39281,0.6898759765237388,39281,4871,3124,0,0,7001316,1.1923334968907404,69.62371280008146,tosa_table_default_59
Table,LUT,NPU,0,0.0,0,0.0,0,0,0,0,0,0,0.0,100,tosa_table_default_59
Conv2D,Conv2D,NPU,181920,29.71616747687,12499,0.21951477382373696,4008,4271,12499,0,0,777924,0.1324814996545267,24.31206996559725,tosa_transpose_default_4
Transpose,Transpose,NPU,0,0.0,0,0.0,0,0,0,0,0,0,0.0,100,tosa_transpose_default_4
Concat,MemoryCopy,NPU,164992,26.951021901625634,7140,0.12539687055776316,7140,2646,0,0,0,12348,0.002102880946897249,0.6755514705882353,tosa_concat_default_15
Conv2D,Conv2D,NPU,240240,39.24259055982437,152195,2.672937915201508,152195,19873,10937,0,0,28449792,4.845037701651262,73.01948158612306,tosa_table_default_56
Table,LUT,NPU,0,0.0,0,0.0,0,0,0,0,0,0,0.0,100,tosa_table_default_56
Conv2D,Conv2D,NPU,289680,47.318488317390624,152195,2.672937915201508,152195,18861,10937,0,0,28005264,4.769333987562962,71.87855218633989,tosa_table_default_57
Table,LUT,NPU,0,0.0,0,0.0,0,0,0,0,0,0,0.0,100,tosa_table_default_57
Conv2D,Conv2D,NPU,256672,41.92671580157859,49999,0.8781117830556864,13110,13582,49999,0,0,3111696,0.5299259986181069,24.310611212224245,tosa_transpose_default_3
Transpose,Transpose,NPU,0,0.0,0,0.0,0,0,0,0,0,0,0.0,100,tosa_transpose_default_3
Concat,MemoryCopy,NPU,202032,33.001411321938214,25572,0.44911047253545094,25572,10584,0,0,0,49392,0.008411523787588996,0.7544873298920695,tosa_concat_default_15
Table,LUT,NPU,174256,28.46427264648999,22786,0.40018110539624535,22786,4220,0,0,0,21609,0.0036800416570701862,0.3704474512858773,tosa_reshape_default_16
Mul,Mul,NPU,217488,35.52610945585699,32760,0.575350347265031,32760,2110,1159,0,0,0,0.0,0.0,tosa_rescale_default_118
Add,Add,NPU,0,0.0,0,0.0,0,0,0,0,0,0,0.0,100,tosa_rescale_default_120
Mul,Mul,NPU,0,0.0,0,0.0,0,0,0,0,0,0,0.0,100,tosa_reshape_default_15
Conv2D,Conv2D,NPU,155792,25.44822539334065,48683,0.8549994186783731,48683,1225,38017,0,0,7225344,1.2304857654987333,57.97506316373272,tosa_table_default_54
Table,LUT,NPU,0,0.0,0,0.0,0,0,0,0,0,0,0.0,100,tosa_table_default_54
Conv2D,Conv2D,NPU,158928,25.960482985729968,12395,0.21768826478480036,12395,306,11264,0,0,1806336,0.30762144137468334,56.926179911254536,tosa_table_default_55
Table,LUT,NPU,0,0.0,0,0.0,0,0,0,0,0,0,0.0,100,tosa_table_default_55
Conv2D,Conv2D,NPU,155856,25.458679629920024,390,0.006849408896012274,312,153,390,0,0,3136,0.000534065002386603,3.141025641025641,tosa_rescale_default_86
Concat,MemoryCopy,NPU,153760,25.116303381945535,154,0.002704638384579206,154,9,0,0,0,49,8.344765662290672e-06,0.12428977272727272,tosa_concat_default_14
Conv2D,Conv2D,NPU,166240,27.154879514923422,78257,1.3743953640390578,78257,7000,44931,0,0,14450688,2.4609715309974667,72.13156650523275,tosa_table_default_52
Table,LUT,NPU,0,0.0,0,0.0,0,0,0,0,0,0,0.0,100,tosa_table_default_52
Conv2D,Conv2D,NPU,217408,35.51304166013277,39281,0.6898759765237388,39281,5006,3124,0,0,7225344,1.2304857654987333,71.85153127466205,tosa_table_default_53
Table,LUT,NPU,0,0.0,0,0.0,0,0,0,0,0,0,0.0,100,tosa_table_default_53
Conv2D,Conv2D,NPU,166736,27.23589984841357,809,0.014208132812497255,809,700,781,0,0,12544,0.002136260009546412,6.056860321384425,tosa_rescale_default_83
Concat,MemoryCopy,NPU,153904,25.139825414249124,366,0.006427906810103827,366,38,0,0,0,196,3.3379062649162686e-05,0.20918715846994534,tosa_concat_default_14
Conv2D,Conv2D,NPU,203872,33.30197062359521,152195,2.672937915201508,152195,14700,80048,0,0,28901376,4.921943061994933,74.17852097637899,tosa_table_default_50
Table,LUT,NPU,0,0.0,0,0.0,0,0,0,0,0,0,0.0,100,tosa_table_default_50
Conv2D,Conv2D,NPU,291520,47.61904761904762,152195,2.672937915201508,152195,19033,10937,0,0,28901376,4.921943061994933,74.17852097637899,tosa_table_default_51
Table,LUT,NPU,0,0.0,0,0.0,0,0,0,0,0,0,0.0,100,tosa_table_default_51
Conv2D,Conv2D,NPU,204944,33.477079086299725,2734,0.048016112619737324,1985,2450,2734,0,0,50176,0.008545040038185648,7.168983174835406,tosa_rescale_default_80
Concat,MemoryCopy,NPU,154480,25.233913543463487,1215,0.021338543099115162,1215,153,0,0,0,784,0.00013351625059665074,0.25205761316872427,tosa_concat_default_14
Table,LUT,NPU,153696,25.10584914536616,1230,0.021601981902807942,1230,200,0,0,0,1029,0.0001752400789081041,0.32679115853658536,tosa_table_default_64
Conv2D,Conv2D,NPU,156832,25.618106737755475,48683,0.8549994186783731,48683,1225,34545,0,0,7225344,1.2304857654987333,57.97506316373272,tosa_table_default_48
Table,LUT,NPU,0,0.0,0,0.0,0,0,0,0,0,0,0.0,100,tosa_table_default_48
Conv2D,Conv2D,NPU,147424,24.08133396058753,12395,0.21768826478480036,12395,306,9301,0,0,1806336,0.30762144137468334,56.926179911254536,tosa_table_default_49
Table,LUT,NPU,0,0.0,0,0.0,0,0,0,0,0,0,0.0,100,tosa_table_default_49
Conv2D,Conv2D,NPU,151936,24.81835763943338,15624,0.2743978579263994,1314,2582,15624,0,0,200704,0.03418016015274259,5.017921146953405,tosa_transpose_default_2
Transpose,Transpose,NPU,0,0.0,0,0.0,0,0,0,0,0,0,0.0,100,tosa_transpose_default_2
Concat,MemoryCopy,NPU,210144,34.326485808373846,2812,0.04938599439893978,2812,698,0,0,0,3136,0.000534065002386603,0.43563300142247513,tosa_concat_default_13
Conv2D,Conv2D,NPU,219552,35.86325858554179,78257,1.3743953640390578,78257,7000,39384,0,0,14450688,2.4609715309974667,72.13156650523275,tosa_table_default_46
Table,LUT,NPU,0,0.0,0,0.0,0,0,0,0,0,0,0.0,100,tosa_table_default_46
Conv2D,Conv2D,NPU,240064,39.213841409231094,39281,0.6898759765237388,39281,4658,3124,0,0,7225344,1.2304857654987333,71.85153127466205,tosa_table_default_47
Table,LUT,NPU,0,0.0,0,0.0,0,0,0,0,0,0,0.0,100,tosa_table_default_47
Conv2D,Conv2D,NPU,211728,34.585228163713346,12499,0.21951477382373696,4460,4380,12499,0,0,802816,0.13672064061097036,25.090007200576046,tosa_transpose_default_1
Transpose,Transpose,NPU,0,0.0,0,0.0,0,0,0,0,0,0,0.0,100,tosa_transpose_default_1
Concat,MemoryCopy,NPU,194464,31.765197846427263,7038,0.12360548669265227,7038,2450,0,0,0,12544,0.002136260009546412,0.6962205171923842,tosa_concat_default_13
Conv2D,Conv2D,NPU,269728,44.059380063770845,152195,2.672937915201508,152195,19919,10937,0,0,28901376,4.921943061994933,74.17852097637899,tosa_table_default_44
Table,LUT,NPU,0,0.0,0,0.0,0,0,0,0,0,0,0.0,100,tosa_table_default_44
Conv2D,Conv2D,NPU,269152,43.96529193455648,152195,2.672937915201508,152195,18942,10937,0,0,28901376,4.921943061994933,74.17852097637899,tosa_table_default_45
Table,LUT,NPU,0,0.0,0,0.0,0,0,0,0,0,0,0.0,100,tosa_table_default_45
Conv2D,Conv2D,NPU,236640,38.65453975223459,49999,0.8781117830556864,15100,13760,49999,0,0,3211264,0.5468825624438814,25.0885017700354,tosa_transpose_default
Transpose,Transpose,NPU,0,0.0,0,0.0,0,0,0,0,0,0,0.0,100,tosa_transpose_default
Concat,MemoryCopy,NPU,181920,29.71616747687,25984,0.456346258343546,25984,9800,0,0,0,50176,0.008545040038185648,0.7543103448275862,tosa_concat_default_13
Transpose,Transpose,NPU,198304,32.39245204118969,34560,0.6069630037081646,34560,6431,0,0,0,65856,0.011215365050118662,0.7443576388888888,tosa_transpose_default_6
ReduceMax,ReduceMax,NPU,136608,22.314567978673356,9304,0.16340230863717486,9304,3250,0,0,0,65856,0.011215365050118662,2.7649398108340497,aten_amax_default
Sub,Sub,NPU,203168,33.1869740212221,16640,0.29224144622985704,16640,4290,0,0,0,0,0.0,0.0,tosa_table_default_62
Table,LUT,NPU,0,0.0,0,0.0,0,0,0,0,0,0,0.0,100,tosa_table_default_62
Rescale,Rescale,NPU,395872,64.66468036171659,35136,0.6170790537699673,35136,6500,0,0,0,65856,0.011215365050118662,0.7321550546448088,tosa_rescale_default_99
ReduceSum,Transpose,NPU,592736,96.82191207987037,829631,14.570466543096305,132264,829631,0,0,0,65856,0.011215365050118662,0.031007761281822883,tosa_rescale_default_99_transpose
ReduceSum,ReduceSum,NPU,596864,97.49621033923998,8502,0.14931711393306757,8502,3250,0,0,0,65856,0.011215365050118662,3.0257586450247,tosa_table_default_63
Table,LUT,NPU,0,0.0,0,0.0,0,0,0,0,0,0,0.0,100,tosa_table_default_63
Rescale,Rescale,NPU,350080,57.184674089174635,2560,0.044960222496901084,2560,258,0,0,0,4116,0.0007009603156324164,0.6280517578125,tosa_rescale_default_101
Mul,Mul,NPU,612192,100.0,33280,0.5844828924597141,33280,4266,0,0,0,0,0.0,0.0,tosa_mul_default
Rescale,Rescale,NPU,397984,65.00967016883592,836875,14.697689922693005,132310,836875,0,0,0,65856,0.011215365050118662,0.030739357729648992,tosa_transpose_default_7
Transpose,Transpose,NPU,0,0.0,0,0.0,0,0,0,0,0,0,0.0,100,tosa_transpose_default_7
Conv2D,Conv2D,NPU,136144,22.238774763472897,12890,0.22638174530666208,8468,3300,12890,0,0,65856,0.011215365050118662,1.995733126454616,tosa_rescale_default_103
Add,Add,NPU,72096,11.776697506664576,772,0.013558317096721732,520,203,772,0,0,0,0.0,0.0,tosa_rescale_default_108
Rescale,Rescale,NPU,80416,13.135748261983169,1328,0.023323115420267437,1328,203,0,0,0,2058,0.0003504801578162082,0.6053510918674698,tosa_rescale_default_109
Sub,Sub,NPU,80416,13.135748261983169,772,0.013558317096721732,520,203,772,0,0,0,0.0,0.0,tosa_rescale_default_106
Rescale,Rescale,NPU,84608,13.820500757932152,1328,0.023323115420267437,1328,203,0,0,0,2058,0.0003504801578162082,0.6053510918674698,tosa_rescale_default_107
Add,Add,NPU,86688,14.1602634467618,1560,0.027397635584049097,1560,203,0,0,0,0,0.0,0.0,tosa_rescale_default_110
Mul,Mul,NPU,0,0.0,0,0.0,0,0,0,0,0,0,0.0,100,tosa_concat_default_16
Sub,Sub,NPU,86688,14.1602634467618,1040,0.018265090389366065,1040,260,0,0,0,0,0.0,0.0,tosa_concat_default_16
Mul,Mul,NPU,74176,12.116460195494223,1029,0.018071901933324693,1029,803,390,0,0,0,0.0,0.0,tosa_rescale_default_116
